BlockNumber,Time,Txs
11494608,849,348
11494609,2448,885
11494610,1326,482
11494611,840,367
11494612,759,354
11494613,755,348
11494614,917,348
11494615,785,348
11494616,1137,348
11494617,782,348
11494618,808,348
11494619,792,347
11494620,841,349
11494621,788,348
11494622,741,348
11494623,922,348
11494624,772,348
11494625,710,348
11494626,730,348
11494627,723,348
11494628,730,348
11494629,759,348
11494630,688,348
11494631,758,348
11494632,772,348
11494633,817,348
11494634,849,348
11494635,837,348
11494636,698,348
11494637,1004,348
11494638,780,348
11494639,895,348
11494640,799,348
11494641,774,348
11494642,790,348
11494643,769,348
11494644,1130,348
11494645,735,348
11494646,716,348
11494647,792,348
11494648,749,348
11494649,996,348
11494650,760,348
11494651,706,348
11494652,738,348
11494653,736,348
11494654,689,348
11494655,714,348
11494656,790,348
11494657,775,348
11494658,725,348
11494659,744,348
11494660,736,348
11494661,736,348
11494662,791,348
11494663,1004,348
11494664,724,348
11494665,795,348
11494666,774,348
11494667,771,348
11494668,803,348
11494669,822,348
11494670,824,348
11494671,1080,348
11494672,1025,348
11494673,929,348
11494674,819,348
11494675,879,348
11494676,786,348
11494677,716,348
11494678,695,348
11494679,765,348
11494680,696,348
11494681,771,348
11494682,747,348
11494683,733,348
11494684,792,348
11494685,1223,348
11494686,1107,348
11494687,835,348
11494688,815,348
11494689,1248,348
11494690,900,348
11494691,966,348
11494692,774,348
11494693,1098,348
11494694,765,348
11494695,718,348
11494696,768,348
11494697,742,348
11494698,764,348
11494699,710,348
11494700,884,348
11494701,746,348
11494702,700,348
11494703,767,348
11494704,749,348
11494705,1064,348
11494706,714,348
11494707,2059,928
11494708,877,426
11494709,805,386
11494710,751,348
11494711,685,348
11494712,807,348
11494713,753,348
11494714,752,348
11494715,769,348
11494716,729,348
11494717,705,348
11494718,719,348
11494719,746,348
11494720,815,348
11494721,724,348
11494722,794,348
11494723,1261,348
11494724,929,348
11494725,756,348
11494726,737,348
11494727,658,348
11494728,779,348
11494729,678,348
11494730,725,348
11494731,702,348
11494732,736,348
11494733,773,348
11494734,825,348
11494735,756,348
11494736,696,348
11494737,806,348
11494738,782,348
11494739,789,348
11494740,884,348
11494741,863,348
11494742,795,348
11494743,796,348
11494744,764,348
11494745,740,348
11494746,804,348
11494747,912,348
11494748,875,348
11494749,1085,348
11494750,938,348
11494751,1387,348
11494752,1215,348
11494753,1277,348
11494754,1149,348
11494755,773,348
11494756,754,348
11494757,740,348
11494758,762,348
11494759,742,348
11494760,771,348
11494761,766,348
11494762,749,348
11494763,729,348
11494764,855,348
11494765,1222,348
11494766,1226,348
11494767,805,348
11494768,804,348
11494769,702,348
11494770,736,348
11494771,843,348
11494772,812,348
11494773,746,348
11494774,780,348
11494775,773,348
11494776,842,348
11494777,723,348
11494778,1039,348
11494779,761,348
11494780,809,348
11494781,713,348
11494782,771,348
11494783,747,348
11494784,783,348
11494785,691,348
11494786,982,348
11494787,746,348
11494788,719,348
11494789,841,348
11494790,792,348
11494791,898,348
11494792,761,348
11494793,782,348
11494794,783,348
11494795,814,348
11494796,707,348
11494797,787,348
11494798,823,348
11494799,819,348
11494800,1045,348
11494801,947,348
11494802,871,348
11494803,855,348
11494804,1244,348
11494805,2090,928
11494806,1015,426
11494807,1162,386
11494808,792,348
11494809,747,348
11494810,724,348
11494811,802,348
11494812,752,348
11494813,742,348
11494814,826,348
11494815,1097,348
11494816,1041,348
11494817,1106,348
11494818,927,348
11494819,819,348
11494820,874,348
11494821,748,348
11494822,890,348
11494823,813,348
11494824,928,348
11494825,1203,348
11494826,1095,348
11494827,853,348
11494828,849,348
11494829,819,348
11494830,1163,348
11494831,1287,348
11494832,1211,348
11494833,1303,348
11494834,838,348
11494835,744,348
11494836,759,348
11494837,995,348
11494838,795,348
11494839,753,348
11494840,854,348
11494841,843,348
11494842,805,348
11494843,810,348
11494844,809,348
11494845,693,348
11494846,785,348
11494847,764,348
11494848,720,348
11494849,751,348
11494850,757,348
11494851,762,348
11494852,765,348
11494853,730,348
11494854,856,348
11494855,726,348
11494856,731,348
11494857,754,348
11494858,758,348
11494859,774,348
11494860,739,348
11494861,735,348
11494862,820,348
11494863,723,348
11494864,792,348
11494865,765,348
11494866,802,348
11494867,797,348
11494868,771,348
11494869,812,348
11494870,717,348
11494871,698,348
11494872,827,348
11494873,753,348
11494874,971,348
11494875,806,348
11494876,778,348
11494877,757,348
11494878,877,348
11494879,814,348
11494880,780,348
11494881,768,348
11494882,834,348
11494883,847,348
11494884,781,348
11494885,788,348
11494886,734,348
11494887,810,348
11494888,757,348
11494889,763,348
11494890,844,347
11494891,803,349
11494892,808,348
11494893,886,348
11494894,794,348
11494895,782,348
11494896,894,348
11494897,775,348
11494898,1119,348
11494899,730,348
11494900,790,348
11494901,962,348
11494902,873,348
11494903,2618,939
11494904,979,428
11494905,959,373
11494906,761,348
11494907,785,348
11494908,731,348
11494909,1285,348
11494910,965,348
11494911,741,348
11494912,996,348
11494913,918,348
11494914,748,348
11494915,789,348
11494916,791,348
11494917,751,348
11494918,715,348
11494919,1089,348
11494920,832,348
11494921,818,348
11494922,755,348
11494923,765,348
11494924,740,348
11494925,774,348
11494926,738,348
11494927,802,348
11494928,735,348
11494929,748,348
11494930,818,348
11494931,863,348
11494932,988,348
11494933,793,348
11494934,772,348
11494935,829,348
11494936,817,348
11494937,776,348
11494938,885,348
11494939,852,348
11494940,894,348
11494941,747,348
11494942,718,348
11494943,803,348
11494944,928,348
11494945,801,348
11494946,755,348
11494947,888,348
11494948,855,348
11494949,841,348
11494950,763,348
11494951,762,348
11494952,722,348
11494953,778,348
11494954,773,348
11494955,907,348
11494956,783,348
11494957,785,348
11494958,865,348
11494959,1011,348
11494960,801,348
11494961,1078,348
11494962,763,348
11494963,781,348
11494964,812,348
11494965,709,348
11494966,776,348
11494967,785,348
11494968,786,348
11494969,796,348
11494970,854,348
11494971,782,348
11494972,814,348
11494973,810,348
11494974,737,348
11494975,794,348
11494976,935,348
11494977,736,348
11494978,790,348
11494979,822,348
11494980,812,348
11494981,737,348
11494982,758,348
11494983,726,348
11494984,830,348
11494985,742,348
11494986,770,348
11494987,801,348
11494988,754,348
11494989,776,348
11494990,877,348
11494991,814,348
11494992,740,348
11494993,762,348
11494994,722,348
11494995,823,348
11494996,862,348
11494997,850,348
11494998,761,348
11494999,989,348
11495000,947,348
11495001,2067,925
11495002,1055,429
11495003,928,386
11495004,874,348
11495005,956,348
11495006,1098,348
11495007,1063,348
11495008,805,348
11495009,770,348
11495010,847,348
11495011,909,348
11495012,744,348
11495013,835,348
11495014,760,348
11495015,825,348
11495016,739,348
11495017,770,348
11495018,750,348
11495019,735,348
11495020,737,348
11495021,812,348
11495022,767,348
11495023,718,348
11495024,761,348
11495025,768,348
11495026,792,348
11495027,775,348
11495028,737,348
11495029,765,348
11495030,759,348
11495031,872,348
11495032,962,348
11495033,1078,348
11495034,841,348
11495035,834,348
11495036,758,348
11495037,842,348
11495038,752,348
11495039,714,348
11495040,749,348
11495041,771,348
11495042,749,348
11495043,779,348
11495044,967,348
11495045,748,348
11495046,788,348
11495047,830,348
11495048,1012,348
11495049,749,348
11495050,801,348
11495051,835,348
11495052,793,348
11495053,1150,348
11495054,816,348
11495055,842,348
11495056,969,348
11495057,966,348
11495058,897,348
11495059,714,348
11495060,771,348
11495061,772,348
11495062,784,348
11495063,729,348
11495064,802,348
11495065,834,348
11495066,824,348
11495067,803,348
11495068,815,348
11495069,756,348
11495070,695,348
11495071,781,348
11495072,743,348
11495073,747,348
11495074,751,348
11495075,817,348
11495076,785,348
11495077,801,348
11495078,698,348
11495079,788,348
11495080,813,348
11495081,869,348
11495082,750,348
11495083,759,348
11495084,736,348
11495085,816,348
11495086,769,348
11495087,770,348
11495088,834,348
11495089,747,348
11495090,744,348
11495091,939,348
11495092,840,348
11495093,793,348
11495094,753,348
11495095,747,348
11495096,846,348
11495097,781,348
11495098,759,348
11495099,2111,943
11495100,1062,424
11495101,795,373
11495102,720,348
11495103,715,348
11495104,762,348
11495105,776,348
11495106,808,348
11495107,764,348
11495108,744,348
11495109,897,348
11495110,1408,348
11495111,1175,348
11495112,1372,348
11495113,1045,348
11495114,670,348
11495115,694,348
11495116,833,348
11495117,779,348
11495118,817,348
11495119,785,348
11495120,797,348
11495121,748,348
11495122,737,348
11495123,791,348
11495124,780,348
11495125,751,348
11495126,770,348
11495127,797,348
11495128,833,348
11495129,816,348
11495130,849,348
11495131,730,348
11495132,749,348
11495133,798,348
11495134,864,348
11495135,741,348
11495136,821,348
11495137,836,348
11495138,866,348
11495139,705,348
11495140,777,348
11495141,847,348
11495142,759,348
11495143,806,348
11495144,846,348
11495145,923,348
11495146,817,348
11495147,965,348
11495148,1222,348
11495149,927,348
11495150,888,348
11495151,776,348
11495152,868,348
11495153,882,348
11495154,1149,348
11495155,852,348
11495156,756,348
11495157,892,348
11495158,771,348
11495159,788,348
11495160,811,348
11495161,836,348
11495162,759,348
11495163,793,348
11495164,796,348
11495165,857,348
11495166,789,348
11495167,811,348
11495168,768,348
11495169,858,348
11495170,980,348
11495171,999,348
11495172,747,348
11495173,728,348
11495174,992,348
11495175,771,348
11495176,823,348
11495177,864,348
11495178,760,348
11495179,849,348
11495180,769,348
11495181,901,348
11495182,882,348
11495183,773,348
11495184,767,348
11495185,859,348
11495186,736,348
11495187,712,348
11495188,794,348
11495189,856,348
11495190,7030,348
11495191,689,322
11495192,648,309
11495193,785,379
11495194,755,382
11495195,980,348
11495196,733,348
11495197,1990,953
11495198,790,414
11495199,831,373
11495200,692,348
11495201,905,348
11495202,708,348
11495203,803,348
11495204,1026,348
11495205,745,348
11495206,709,348
11495207,750,348
11495208,1023,348
11495209,747,348
11495210,790,348
11495211,817,348
11495212,1003,348
11495213,733,348
11495214,758,348
11495215,827,348
11495216,705,348
11495217,955,348
11495218,808,348
11495219,732,348
11495220,843,348
11495221,815,348
11495222,857,348
11495223,752,348
11495224,1016,348
11495225,787,348
11495226,731,348
11495227,707,348
11495228,755,348
11495229,776,348
11495230,730,348
11495231,802,348
11495232,768,348
11495233,726,348
11495234,822,348
11495235,752,348
11495236,821,348
11495237,827,348
11495238,888,348
11495239,766,348
11495240,738,348
11495241,677,348
11495242,717,348
11495243,748,348
11495244,754,348
11495245,910,348
11495246,717,348
11495247,763,347
11495248,762,349
11495249,695,348
11495250,796,348
11495251,767,348
11495252,1007,348
11495253,916,348
11495254,716,348
11495255,736,348
11495256,825,348
11495257,749,348
11495258,890,348
11495259,968,348
11495260,762,348
11495261,835,348
11495262,944,348
11495263,798,348
11495264,758,348
11495265,766,348
11495266,847,347
11495267,913,349
11495268,848,348
11495269,716,348
11495270,1035,348
11495271,839,348
11495272,836,348
11495273,900,348
11495274,954,348
11495275,733,348
11495276,802,348
11495277,739,348
11495278,726,348
11495279,769,348
11495280,898,348
11495281,727,348
11495282,719,348
11495283,799,348
11495284,746,348
11495285,733,348
11495286,1090,348
11495287,794,348
11495288,705,348
11495289,940,348
11495290,757,348
11495291,861,348
11495292,734,348
11495293,727,348
11495294,792,348
11495295,2027,891
11495296,955,463
11495297,838,386
11495298,716,348
11495299,748,348
11495300,735,348
11495301,784,348
11495302,744,348
11495303,830,348
11495304,927,347
11495305,710,349
11495306,1107,348
11495307,906,348
11495308,779,348
11495309,1018,348
11495310,842,348
11495311,890,348
11495312,774,348
11495313,930,348
11495314,768,348
11495315,900,348
11495316,792,348
11495317,770,348
11495318,706,348
11495319,801,348
11495320,753,348
11495321,696,348
11495322,719,348
11495323,725,348
11495324,992,348
11495325,1187,348
11495326,977,348
11495327,751,348
11495328,964,348
11495329,800,348
11495330,728,348
11495331,789,348
11495332,695,348
11495333,1107,348
11495334,866,348
11495335,708,348
11495336,788,348
11495337,737,348
11495338,723,348
11495339,756,348
11495340,746,348
11495341,1010,348
11495342,751,348
11495343,756,348
11495344,796,348
11495345,792,348
11495346,1161,348
11495347,893,348
11495348,759,348
11495349,1053,348
11495350,871,348
11495351,1108,348
11495352,926,348
11495353,701,348
11495354,766,348
11495355,797,348
11495356,788,348
11495357,752,348
11495358,860,348
11495359,838,348
11495360,689,348
11495361,756,348
11495362,766,348
11495363,760,348
11495364,1118,348
11495365,695,348
11495366,1231,348
11495367,1000,348
11495368,761,348
11495369,712,348
11495370,761,348
11495371,1118,348
11495372,788,348
11495373,703,348
11495374,783,348
11495375,859,348
11495376,878,348
11495377,879,348
11495378,772,348
11495379,813,348
11495380,741,348
11495381,753,348
11495382,795,348
11495383,878,348
11495384,821,348
11495385,743,348
11495386,741,348
11495387,731,348
11495388,795,348
11495389,733,348
11495390,785,348
11495391,801,348
11495392,972,348
11495393,2049,920
11495394,1016,434
11495395,791,386
11495396,883,348
11495397,874,348
11495398,850,348
11495399,796,348
11495400,860,348
11495401,719,348
11495402,770,348
11495403,733,348
11495404,782,348
11495405,1011,348
11495406,816,348
11495407,778,348
11495408,787,348
11495409,749,348
11495410,683,348
11495411,777,348
11495412,806,348
11495413,1052,348
11495414,914,348
11495415,795,348
11495416,800,348
11495417,727,348
11495418,937,348
11495419,736,348
11495420,819,348
11495421,743,348
11495422,960,348
11495423,1071,348
11495424,885,348
11495425,715,348
11495426,780,348
11495427,1074,348
11495428,933,348
11495429,936,348
11495430,1245,348
11495431,1092,348
11495432,746,348
11495433,783,348
11495434,784,348
11495435,719,348
11495436,775,348
11495437,818,348
11495438,791,348
11495439,774,348
11495440,751,348
11495441,726,348
11495442,761,348
11495443,882,348
11495444,1216,348
11495445,709,348
11495446,712,348
11495447,721,348
11495448,770,348
11495449,798,348
11495450,760,348
11495451,718,348
11495452,735,348
11495453,735,348
11495454,731,348
11495455,812,348
11495456,856,348
11495457,788,348
11495458,714,348
11495459,738,348
11495460,832,348
11495461,721,348
11495462,721,348
11495463,767,348
11495464,735,348
11495465,776,348
11495466,856,348
11495467,1057,348
11495468,888,348
11495469,890,348
11495470,851,348
11495471,759,348
11495472,782,348
11495473,732,348
11495474,811,348
11495475,891,348
11495476,837,348
11495477,1037,348
11495478,886,348
11495479,782,348
11495480,812,348
11495481,1095,348
11495482,706,348
11495483,1013,348
11495484,903,348
11495485,1089,348
11495486,960,348
11495487,752,348
11495488,714,348
11495489,1050,348
11495490,819,348
11495491,2461,978
11495492,883,375
11495493,762,387
11495494,704,348
11495495,764,348
11495496,694,348
11495497,756,348
11495498,713,348
11495499,693,348
11495500,726,348
11495501,759,348
11495502,793,348
11495503,681,348
11495504,767,348
11495505,879,347
11495506,770,349
11495507,819,348
11495508,739,348
11495509,911,348
11495510,822,348
11495511,778,348
11495512,754,348
11495513,673,348
11495514,862,348
11495515,751,348
11495516,883,348
11495517,730,348
11495518,816,348
11495519,1007,348
11495520,1045,348
11495521,936,348
11495522,757,348
11495523,761,348
11495524,683,348
11495525,723,348
11495526,854,348
11495527,745,348
11495528,728,348
11495529,834,348
11495530,771,348
11495531,956,348
11495532,760,348
11495533,755,348
11495534,806,348
11495535,712,348
11495536,755,348
11495537,759,348
11495538,784,348
11495539,757,348
11495540,738,348
11495541,1103,348
11495542,759,348
11495543,765,348
11495544,736,348
11495545,784,348
11495546,745,348
11495547,781,348
11495548,773,348
11495549,762,348
11495550,868,348
11495551,858,348
11495552,727,348
11495553,715,348
11495554,804,348
11495555,918,348
11495556,757,348
11495557,744,347
11495558,745,349
11495559,785,348
11495560,861,348
11495561,734,348
11495562,820,348
11495563,788,348
11495564,795,348
11495565,831,348
11495566,736,348
11495567,741,348
11495568,742,348
11495569,837,348
11495570,769,348
11495571,6457,348
11495572,679,322
11495573,768,309
11495574,867,404
11495575,750,350
11495576,829,355
11495577,1276,348
11495578,796,348
11495579,791,348
11495580,990,348
11495581,758,348
11495582,949,348
11495583,1147,348
11495584,850,348
11495585,751,348
11495586,751,348
11495587,737,348
11495588,1191,348
11495589,2462,928
11495590,1513,417
11495591,1372,365
11495592,1244,372
11495593,789,354
11495594,729,348
11495595,767,348
11495596,729,348
11495597,752,348
11495598,1023,348
11495599,728,348
11495600,741,348
11495601,751,348
11495602,777,348
11495603,782,348
11495604,850,348
11495605,910,348
11495606,1353,348
11495607,1192,348
11495608,752,348
11495609,720,348
11495610,741,348
11495611,753,348
11495612,822,348
11495613,1077,348
11495614,774,348
11495615,770,348
11495616,820,348
11495617,716,348
11495618,898,348
11495619,806,348
11495620,801,348
11495621,787,348
11495622,907,348
11495623,989,348
11495624,761,348
11495625,831,348
11495626,744,348
11495627,734,348
11495628,754,348
11495629,956,348
11495630,761,348
11495631,773,348
11495632,722,348
11495633,759,348
11495634,740,348
11495635,798,348
11495636,746,348
11495637,819,348
11495638,811,348
11495639,838,348
11495640,978,348
11495641,750,348
11495642,968,348
11495643,966,348
11495644,977,348
11495645,816,348
11495646,758,348
11495647,818,348
11495648,819,348
11495649,786,348
11495650,750,348
11495651,776,348
11495652,797,348
11495653,792,348
11495654,778,348
11495655,714,348
11495656,877,348
11495657,780,348
11495658,838,348
11495659,796,348
11495660,800,348
11495661,784,348
11495662,913,348
11495663,795,348
11495664,796,348
11495665,818,348
11495666,858,348
11495667,797,348
11495668,906,348
11495669,834,348
11495670,792,348
11495671,732,348
11495672,788,348
11495673,764,348
11495674,794,348
11495675,812,348
11495676,784,348
11495677,812,348
11495678,802,348
11495679,879,348
11495680,897,348
11495681,801,348
11495682,958,348
11495683,805,348
11495684,783,348
11495685,895,348
11495686,786,348
11495687,2171,964
11495688,986,352
11495689,1237,424
11495690,939,348
11495691,835,348
11495692,1046,348
11495693,783,348
11495694,1106,348
11495695,786,348
11495696,805,348
11495697,964,348
11495698,1056,348
11495699,940,348
11495700,733,348
11495701,970,348
11495702,801,348
11495703,948,348
11495704,870,348
11495705,944,348
11495706,1061,348
11495707,1211,348
11495708,1198,348
11495709,1044,348
11495710,1065,348
11495711,1086,348
11495712,949,348
11495713,966,348
11495714,1071,348
11495715,1179,348
11495716,1031,348
11495717,1074,348
11495718,1110,348
11495719,1142,348
11495720,1005,348
11495721,1117,348
11495722,1057,348
11495723,1128,348
11495724,960,348
11495725,1070,348
11495726,1053,348
11495727,1140,348
11495728,1088,348
11495729,1200,348
11495730,1099,348
11495731,922,348
11495732,843,348
11495733,934,348
11495734,812,348
11495735,801,348
11495736,750,348
11495737,777,348
11495738,897,348
11495739,761,348
11495740,988,348
11495741,898,348
11495742,1004,348
11495743,793,348
11495744,867,348
11495745,994,348
11495746,1122,348
11495747,890,348
11495748,720,348
11495749,992,348
11495750,898,348
11495751,735,348
11495752,736,348
11495753,740,348
11495754,736,348
11495755,761,348
11495756,1060,348
11495757,1093,348
11495758,1110,348
11495759,1229,348
11495760,1287,348
11495761,1204,348
11495762,1193,348
11495763,1175,348
11495764,1188,348
11495765,1111,348
11495766,1078,348
11495767,1142,348
11495768,1094,348
11495769,1090,348
11495770,796,348
11495771,767,348
11495772,709,348
11495773,772,348
11495774,886,348
11495775,1039,348
11495776,1264,348
11495777,1440,348
11495778,1248,340
11495779,895,278
11495780,362,109
